x	y	z	act	diff	cost
0	0	0.9032696225909964	1	0.009356765913688272
0	0.05	0.8893619021021179	0.9755282581475768	0.0074246409141528035
0	0.1	0.8666480144424756	0.9045084971874737	0.0014334161536842982
0	0.15000000000000002	0.827299524499092	0.7938926261462366	0.0011160208575580186
0	0.2	0.7572708471749391	0.6545084971874737	0.010560100574946323
0	0.25	0.6378769035258386	0.5	0.019010040525873403
0	0.3	0.46699702924487574	0.34549150281252633	0.014763592953602361
0	0.35	0.2915116678742749	0.2061073738537635	0.0072938934371419625
0	0.39999999999999997	0.16969871750129636	0.09549150281252627	0.005506710711865216
0	0.44999999999999996	0.1077478316476749	0.02447174185242329	0.00693490713158681
0	0.49999999999999994	0.08414574580497929	0	0.007080506537076189
0	0.5499999999999999	0.08471379840947946	0.024471741852423123	0.003629105378223574
0	0.6	0.10848451903262414	0.09549150281252627	0.00016881847049572625
0	0.65	0.16637891687512824	0.20610737385376338	0.0015783502939032631
0	0.7000000000000001	0.27632232461568046	0.3454915028125262	0.004784375212427003
0	0.7500000000000001	0.44086915973578367	0.5000000000000003	0.0034964562703523067
0	0.8000000000000002	0.620598401363432	0.6545084971874741	0.0011498945987957127
0	0.8500000000000002	0.7637447358100563	0.7938926261462369	0.0009088952917223713
0	0.9000000000000002	0.8551974998664436	0.9045084971874742	0.0024315744567946886
0	0.9500000000000003	0.9079733396600124	0.975528258147577	0.004563667011861508
0.05	0	0.888841675215329	0.9755282581475768	0.007514563660469484
0.05	0.05	0.8670780091502173	0.9514583981539821	0.007120050048426685
0.05	0.1	0.8306731546422982	0.8816206126122776	0.0025956434736028235
0.05	0.15000000000000002	0.7681326756149429	0.7728974576770602	2.2703148099474588e-05
0.05	0.2	0.663612742562066	0.6360065964062787	0.0007620993055746944
0.05	0.25	0.5102639700193763	0.4844485596514401	0.000666435412464946
0.05	0.3	0.33794394015386103	0.3331810917455569	2.2684724960485417e-05
0.05	0.35	0.20161604541967548	0.19715006646059335	1.9944968062964295e-05
0.05	0.39999999999999997	0.12265346524557189	0.08982103756280413	0.0010779683075441745
0.05	0.44999999999999996	0.08629388143168894	0.021855449232744573	0.00415231154425795
0.05	0.49999999999999994	0.07562098687152405	6.137726086935524e-05	0.005709254604514541
0.05	0.5499999999999999	0.08417693160444091	0.026721787738780978	0.00330109355662368
0.05	0.6	0.11618107806495159	0.09936631860656003	0.0002827361356435684
0.05	0.65	0.18631035653961506	0.21100913296917395	0.000610029557117334
0.05	0.7000000000000001	0.31282628082265906	0.35082971834162835	0.0014442612632582024
0.05	0.7500000000000001	0.489505854843432	0.5052300875044462	0.00024725149277770545
0.05	0.8000000000000002	0.6665124201773907	0.6591649285653159	5.398563298950819e-05
0.05	0.8500000000000002	0.7969178606867514	0.7976144710765468	4.852660351709055e-07
0.05	0.9000000000000002	0.8760388784593676	0.9070558070918091	0.000962049861789972
0.05	0.9500000000000003	0.9204925554085754	0.9767885075305438	0.003169234225318954
0.1	0	0.8654344167823455	0.9045084971874737	0.0015267837595064294
0.1	0.05	0.8299458369534809	0.8816206126122776	0.0026702824393869725
0.1	0.1	0.7709754715443797	0.8152587410550381	0.0019610079585536096
0.1	0.15000000000000002	0.6752962439870368	0.7121003202001815	0.0013545400259029666
0.1	0.2	0.5357525283997651	0.5825371678822804	0.0021888024915089318
0.1	0.25	0.3723393709762793	0.4396459869297354	0.004530180551106032
0.1	0.3	0.23111072389177093	0.29789208962641156	0.004459750809383834
0.1	0.35	0.14011161697256194	0.1716941029086464	0.0009974534179029724
0.1	0.39999999999999997	0.09284275766484812	0.0739911770640817	0.00035538209114719266
0.1	0.44999999999999996	0.07314849499574681	0.014954066269530164	0.0033865915347707095
0.1	0.49999999999999994	0.07143298556976357	0.0009673891876592622	0.004965400273485633
0.1	0.5499999999999999	0.08683750024283958	0.03398378809338609	0.002793514887977287
0.1	0.6	0.12754398435014258	0.11131419260481723	0.0002634061400966309
0.1	0.65	0.2112740365529749	0.225875541421234	0.00021320394441779475
0.1	0.7000000000000001	0.35460608424137274	0.36687232897929223	0.00015046075997053745
0.1	0.7500000000000001	0.5399882603443311	0.5208456415494757	0.00036643985432515346
0.1	0.8000000000000002	0.709926622746399	0.6729871249042191	0.0013645265008324112
0.1	0.8500000000000002	0.8262828434281768	0.8085891453234229	0.000313066952622174
0.1	0.9000000000000002	0.8937981383087534	0.9144888457136824	0.0004281053729163819
0.1	0.9500000000000003	0.930913019795313	0.9803642002398205	0.002445419247355238
0.15000000000000002	0	0.8251019794622999	0.7938926261462366	0.0009740237344068736
0.15000000000000002	0.05	0.7663529845290401	0.7728974576770602	4.2830128785156e-05
0.15000000000000002	0.1	0.6742629533618322	0.7121003202001815	0.0014316663292598209
0.15000000000000002	0.15000000000000002	0.5434918200976357	0.6178464268090121	0.005528607539203459
0.15000000000000002	0.2	0.390095298066638	0.5	0.012079043507061142
0.15000000000000002	0.25	0.2516909243857751	0.3709518428021795	0.014223166661524267
0.15000000000000002	0.3	0.15563989254556768	0.24437092566979535	0.007873196239292788
0.15000000000000002	0.35	0.1010421624203197	0.133824111156005	0.0010746561629090996
0.15000000000000002	0.39999999999999997	0.07454387272521582	0.051401382641987126	0.0005355748472523382
0.15000000000000002	0.44999999999999996	0.06572803988936128	0.006483602653438003	0.0035099033434012527
0.15000000000000002	0.49999999999999994	0.07081790769244092	0.004775923541268212	0.004361543670623747
0.15000000000000002	0.5499999999999999	0.0929098397718132	0.04770386897352008	0.0020435797958161307
0.15000000000000002	0.6	0.14353382886055652	0.1322333634074841	0.0001277005194560833
0.15000000000000002	0.65	0.24269432272610095	0.25113412547341496	7.123027041356915e-05
0.15000000000000002	0.7000000000000001	0.40252404803566433	0.39366198368239164	7.853618460154653e-05
0.15000000000000002	0.7500000000000001	0.5921150860485136	0.5465941438646966	0.0020721561773024075
0.15000000000000002	0.8000000000000002	0.7507648714286131	0.6955163375329702	0.0030524004976180126
0.15000000000000002	0.8500000000000002	0.8522406743716577	0.826235580866095	0.0006762648882330584
0.15000000000000002	0.9000000000000002	0.9089298561506778	0.9261794764290883	0.00029754939974935014
0.15000000000000002	0.9500000000000003	0.9395438809377782	0.9856438774016723	0.0021252096739710455
0.2	0	0.7537213605268938	0.6545084971874737	0.009843192252006435
0.2	0.05	0.6605502506755558	0.6360065964062787	0.0006023909648898081
0.2	0.1	0.533760042421967	0.5825371678822804	0.002379207968171157
0.2	0.15000000000000002	0.38939128596700895	0.5	0.012234287620031991
0.2	0.2	0.25887482287240454	0.3975522952464303	0.019231441344048684
0.2	0.25	0.16479515477903744	0.28666640927609116	0.014852602672685636
0.2	0.3	0.10780358480250453	0.17994618331607815	0.005204554520290674
0.2	0.35	0.07739168285359846	0.08982103756280413	0.00015448885848725317
0.2	0.39999999999999997	0.06397126370348925	0.027249536328110946	0.0013484852614316085
0.2	0.44999999999999996	0.06268940542696498	0.000563546327687181	0.0038596223688233183
0.2	0.49999999999999994	0.07371378121845709	0.01457042757474264	0.0034979362802254714
0.2	0.5499999999999999	0.1032095197467542	0.07000526053264733	0.001102522829957601
0.2	0.6	0.16579640594259976	0.16339042974231377	5.788721476342592e-06
0.2	0.65	0.2825346381772184	0.28731938018852177	2.289375611473128e-05
0.2	0.7000000000000001	0.45736935879214885	0.43113904825983473	0.0006880291906216289
0.2	0.7500000000000001	0.645405232670797	0.5819655414076962	0.004024594427557546
0.2	0.8000000000000002	0.7888372197675992	0.7259340688769872	0.003956806391967107
0.2	0.8500000000000002	0.8750658721104397	0.8495602588844989	0.0006505363060312865
0.2	0.9000000000000002	0.9217495596998344	0.9410782313138537	0.00037359754636259545
0.2	0.9500000000000003	0.9465796522101503	0.9916223339751564	0.002028843180583617
0.25	0	0.6330148918652079	0.5	0.017692961457912944
0.25	0.05	0.506527284235999	0.4844485596514401	0.0004874700792808054
0.25	0.1	0.3703617618039883	0.4396459869297354	0.004800303851275207
0.25	0.15000000000000002	0.2511453862579065	0.3709518428021795	0.01435358702969478
0.25	0.2	0.1648106753166001	0.28666640927609116	0.014848819898806263
0.25	0.25	0.11050370556458794	0.19715006646059335	0.007507591856520816
0.25	0.3	0.07956696688855211	0.11371911527629014	0.0011663692394980772
0.25	0.35	0.06395822358378173	0.04743107771559785	0.00027314655054822744
0.25	0.39999999999999997	0.05901044700857975	0.00788418677387237	0.002613894485587021
0.25	0.44999999999999996	0.06363189983933704	0.00215488935659075	0.0037794228178956966
0.25	0.49999999999999994	0.0807622067340177	0.03398378809338609	0.0021882204505181903
0.25	0.5499999999999999	0.11934937929587389	0.10329585297697164	0.00025771570727168723
0.25	0.6	0.1968870510176751	0.20610737385376338	8.501435320169112e-05
0.25	0.65	0.3331945782716891	0.3348333143834116	2.6854560438633585e-06
0.25	0.7000000000000001	0.5194380560420893	0.478968334938394	0.0016377983262108754
0.25	0.7500000000000001	0.6989089332159397	0.626076813534201	0.005304517657335117
0.25	0.8000000000000002	0.8238044545601575	0.7629955162100087	0.0036977269832721947
0.25	0.8500000000000002	0.8949153046118502	0.8771303465882667	0.00031630473190062664
0.25	0.9000000000000002	0.9324560053857527	0.9577181038610141	0.0006381736193738042
0.25	0.9500000000000003	0.9521113290637018	0.9969265065104369	0.0020084001295823575
0.3	0	0.46223519130858376	0.34549150281252633	0.013629088803664492
0.3	0.05	0.3351475990987136	0.3331810917455569	3.867151170019497e-06
0.3	0.1	0.23013968031419071	0.29789208962641156	0.00459038896761071
0.3	0.15000000000000002	0.15564631414004454	0.24437092566979535	0.00787205669110519
0.3	0.2	0.10804093764818334	0.17994618331607815	0.005170364354560304
0.3	0.25	0.0796982485113171	0.11371911527629014	0.0011574193754400471
0.3	0.3	0.06419753985281372	0.05555112124660744	7.476055471375019e-05
0.3	0.35	0.05769216141084854	0.014954066269530164	0.0018265447763083816
0.3	0.39999999999999997	0.05885721474720007	0	0.0034641717277980257
0.3	0.44999999999999996	0.06905017355650347	0.01636561180001822	0.0027756630474729087
0.3	0.49999999999999994	0.09353533608020358	0.06661370750461332	0.000724774085162038
0.3	0.5499999999999999	0.1441245390235016	0.1497903981857061	3.2101960045936625e-05
0.3	0.6	0.24048992219607138	0.2613848945716692	0.00043659987057699577
0.3	0.65	0.3970539766185587	0.39366198368239164	1.1505616079007118e-05
0.3	0.7000000000000001	0.5879273243755837	0.5363391262827595	0.002661342182464473
0.3	0.7500000000000001	0.7511133964726684	0.6775445041056525	0.005412381924109573
0.3	0.8000000000000002	0.8552050004060975	0.8049628779820837	0.0025242708656695928
0.3	0.8500000000000002	0.9118528092405673	0.9070558070918091	2.3011229615191004e-05
0.3	0.9000000000000002	0.9411458377093647	0.9742337377997188	0.001094809132389256
0.3	0.9500000000000003	0.9561197814314079	0.9998606922374831	0.0019132672781450287
0.35	0	0.2887136413932026	0.2061073738537635	0.006823795436797392
0.35	0.05	0.20047157806594584	0.19715006646059335	1.1032439344491272e-05
0.35	0.1	0.14002902353626087	0.1716941029086464	0.0010026772516594752
0.35	0.15000000000000002	0.1013583610894425	0.133824111156005	0.0010540249273845034
0.35	0.2	0.07769191877531216	0.08982103756280413	0.00014711552256109063
0.35	0.25	0.06408443675619635	0.04743107771559785	0.0002773343673350839
0.35	0.3	0.05766845508824361	0.014954066269530164	0.001824519012156232
0.35	0.35	0.05737253286483403	0.00024921808604644324	0.0032630730913164522
0.35	0.39999999999999997	0.06392899564004732	0.00976569249876652	0.0029336634071742787
0.35	0.44999999999999996	0.08060290481613422	0.04770386897352008	0.0010823465593736098
0.35	0.49999999999999994	0.11506837540577942	0.11540058491362204	1.1036315710103259e-07
0.35	0.5499999999999999	0.1820810958627992	0.21100913296917395	0.000836831330827795
0.35	0.6	0.3013223143761855	0.3295147910923582	0.0007948157433919397
0.35	0.65	0.47534406273017615	0.46309209228169956	0.00015011077987034366
0.35	0.7000000000000001	0.6603160248763513	0.6017744410582022	0.003427117035937378
0.35	0.7500000000000001	0.800038471828954	0.7343736860597488	0.004311864090115614
0.35	0.8000000000000002	0.8825371979858759	0.8495602588844986	0.0010874785124959493
0.35	0.8500000000000002	0.9258774469920752	0.9369963005571695	0.00012362890460201122
0.35	0.9000000000000002	0.9478128973274351	0.9884067595797037	0.0016478616525561556
0.35	0.9500000000000003	0.9584400913316903	0.9984776280276829	0.001603004344682957
0.39999999999999997	0	0.16869386020865923	0.09549150281252627	0.005358585128351181
0.39999999999999997	0.05	0.12243241073678719	0.08982103756280413	0.0010635016602927822
0.39999999999999997	0.1	0.09303555874292938	0.0739911770640817	0.0003626884735296289
0.39999999999999997	0.15000000000000002	0.07480280042452031	0.051401382641987126	0.0005476263542326604
0.39999999999999997	0.2	0.06407525182210268	0.027249536328110946	0.0013561333216444227
0.39999999999999997	0.25	0.05886674886597679	0.00788418677387237	0.0025992216374752823
0.39999999999999997	0.3	0.05849211101037693	0	0.0034213270504502577
0.39999999999999997	0.35	0.06351918900819081	0.00976569249876652	0.0028894383869886896
0.39999999999999997	0.39999999999999997	0.0762249955038766	0.04198212883709823	0.0011725739175587608
0.39999999999999997	0.44999999999999996	0.10184244288211716	0.09936631860655987	6.131191428004141e-06
0.39999999999999997	0.49999999999999994	0.15078623115641163	0.18204488372462457	0.0009771033603802458
0.39999999999999997	0.5499999999999999	0.2399801887124998	0.28731938018852177	0.0022409990496034715
0.39999999999999997	0.6	0.3839352767034307	0.40973778229578184	0.0006657692948433121
0.39999999999999997	0.65	0.5662305316637236	0.5414743325101898	0.0006128693965294264
0.39999999999999997	0.7000000000000001	0.7321823879983534	0.6729871249042186	0.0035040791727838387
0.39999999999999997	0.7500000000000001	0.8435748908231328	0.7938926261462369	0.002468327423425133
0.39999999999999997	0.8000000000000002	0.9053706090913468	0.8939720036079446	0.000129928206966247
0.39999999999999997	0.8500000000000002	0.9369398841668566	0.9642082162021555	0.0007435619319873072
0.39999999999999997	0.9000000000000002	0.9523181846225243	0.9977470850271051	0.002063784991969322
0.39999999999999997	0.9500000000000003	0.9586708954650216	0.9906807314732389	0.0010246296012729633
0.44999999999999996	0	0.10736036377772154	0.02447174185242329	0.006870523644675034
0.44999999999999996	0.05	0.08622009805751969	0.021855449232744573	0.004142808018336625
0.44999999999999996	0.1	0.073174193666316	0.014954066269530164	0.0033895832340979726
0.44999999999999996	0.15000000000000002	0.06561965320527637	0.006483602653438003	0.0034970724748695824
0.44999999999999996	0.2	0.062260919093833834	0.000563546327687181	0.0038065658062448548
0.44999999999999996	0.25	0.06276660516062879	0.00215488935659075	0.003673780092709475
0.44999999999999996	0.3	0.06772531623785112	0.01636561180001822	0.0026378192399415528
0.44999999999999996	0.35	0.07896205577567945	0.04770386897352008	0.0009770742421586905
0.44999999999999996	0.39999999999999997	0.1003876908692958	0.09936631860655987	1.0432012990863275e-06
0.44999999999999996	0.44999999999999996	0.139591684468581	0.1726467241495509	0.0010926356483104947
0.44999999999999996	0.49999999999999994	0.20956715068905624	0.26653834034179347	0.0032457164504481537
0.44999999999999996	0.5499999999999999	0.3259229713879196	0.37758377100679763	0.0026688382172618693
0.44999999999999996	0.6	0.48926002512969574	0.4999999999999999	0.00011534706021476459
0.44999999999999996	0.65	0.6630070437327856	0.6260768135342005	0.001363841902520487
0.44999999999999996	0.7000000000000001	0.7980012788285188	0.7468169283749115	0.0026198377313576848
0.44999999999999996	0.7500000000000001	0.8799857111493633	0.8527589668031212	0.000741295607695624
0.44999999999999996	0.8000000000000002	0.9234375413228473	0.9349028804728138	0.0001314540018237546
0.44999999999999996	0.8500000000000002	0.9449239626636448	0.9856438774016721	0.0016581114562722197
0.44999999999999996	0.9000000000000002	0.9543015212002534	0.9996169084175982	0.002053484318657901
0.44999999999999996	0.9500000000000003	0.9559713873500946	0.9743599146660948	0.0003381379368512881
0.49999999999999994	0	0.0836737829817743	0	0.007001301958481063
0.49999999999999994	0.05	0.0752885813474394	6.137726086935524e-05	0.005659132234682462
0.49999999999999994	0.1	0.07098426347026365	0.0009673891876592622	0.004902362684306028
0.49999999999999994	0.15000000000000002	0.06996155692955819	0.004775923541268212	0.004249166800232545
0.49999999999999994	0.2	0.07217031373915354	0.01457042757474264	0.003317746886153095
0.49999999999999994	0.25	0.07829155071035244	0.03398378809338609	0.001963177828121441
0.49999999999999994	0.3	0.08998184009199697	0.06661370750461332	0.0005460696206215419
0.49999999999999994	0.35	0.11048064944360299	0.11540058491362204	2.4205765029151586e-05
0.49999999999999994	0.39999999999999997	0.1457102522059172	0.18204488372462457	0.0013202054476002423
0.49999999999999994	0.44999999999999996	0.2055777391283673	0.26653834034179347	0.003716194900302376
0.49999999999999994	0.49999999999999994	0.3030564138498747	0.36687232897929223	0.004072471023805022
0.49999999999999994	0.5499999999999999	0.4443267932355832	0.4789683349383936	0.0012000364115475495
0.49999999999999994	0.6	0.6093921026242877	0.5968516876117276	0.00015726200868724252
0.49999999999999994	0.65	0.7547303821115176	0.7130629528589693	0.0017361746605161173
0.49999999999999994	0.7000000000000001	0.8529057241845561	0.8192745176706611	0.0011310580515802577
0.49999999999999994	0.7500000000000001	0.9083371263107166	0.9070558070918089	1.6417789407423108e-06
0.49999999999999994	0.8000000000000002	0.9366436581066612	0.9687118945088519	0.0010283717859467885
0.49999999999999994	0.8500000000000002	0.949556586281853	0.9981091141720384	0.0023573479645272294
0.49999999999999994	0.9000000000000002	0.9529730349534233	0.9913990167661935	0.0014765560782753406
0.49999999999999994	0.9500000000000003	0.9486272710942977	0.9475590758110966	1.141041163053128e-06
0.5499999999999999	0	0.08380519288653657	0.024471741852423123	0.0035204584116175375
0.5499999999999999	0.05	0.08329521643965755	0.026721787738780978	0.0032005528349731654
0.5499999999999999	0.1	0.08551502928788794	0.03398378809338609	0.0026554688190459246
0.5499999999999999	0.15000000000000002	0.09062119584953297	0.04770386897352008	0.0018418969461825386
0.5499999999999999	0.2	0.09941566532808291	0.07000526053264733	0.0008649719102313801
0.5499999999999999	0.25	0.11354352926738075	0.10329585297697164	0.00010501486935301303
0.5499999999999999	0.3	0.13593116184407458	0.1497903981857061	0.00019207843197319998
0.5499999999999999	0.35	0.17150542267414567	0.21100913296917395	0.001560543127073523
0.5499999999999999	0.39999999999999997	0.2279295822625222	0.28731938018852177	0.0035271480976910635
0.5499999999999999	0.44999999999999996	0.31486472646189895	0.37758377100679763	0.003933678548624985
0.5499999999999999	0.49999999999999994	0.4379204000309926	0.4789683349383936	0.0016849329601622291
0.5499999999999999	0.5499999999999999	0.5857540734945013	0.5869468554145324	1.4227287087531693e-06
0.5499999999999999	0.6	0.726336171413612	0.6955163375329702	0.0009498621604303562
0.5499999999999999	0.65	0.830708717704649	0.797614471076546	0.0010952291598817073
0.5499999999999999	0.7000000000000001	0.8943867215248675	0.8857061864730282	7.535168878621072e-05
0.5499999999999999	0.7500000000000001	0.9285982401795575	0.9524854136691379	0.0005705970573213107
0.5499999999999999	0.8000000000000002	0.9449407925539306	0.9916223339751564	0.0021791663094616223
0.5499999999999999	0.8500000000000002	0.9501788582529952	0.998477628027683	0.002332771161748299
0.5499999999999999	0.9000000000000002	0.9466561422545888	0.9707046238382044	0.0005783294664774992
0.5499999999999999	0.9500000000000003	0.9331879056959329	0.9086681475945121	0.0006012185373521919
0.6	0	0.10677450742540075	0.09549150281252627	0.00012730619309414662
0.6	0.05	0.11436171149156009	0.09936631860656003	0.0002248618077755103
0.6	0.1	0.12469925249195954	0.11131419260481723	0.00017915982818238608
0.6	0.15000000000000002	0.13866097033667396	0.1322333634074841	4.131413083616958e-05
0.6	0.2	0.1579081977730072	0.16339042974231377	3.0054867365287142e-05
0.6	0.25	0.18516583012563395	0.20610737385376338	0.00043854825371715685
0.6	0.3	0.22458706047689864	0.2613848945716692	0.0013540805940662583
0.6	0.35	0.28191514892410513	0.3295147910923582	0.0022657259345457365
0.6	0.39999999999999997	0.3634486230329961	0.40973778229578184	0.002142686265255545
0.6	0.44999999999999996	0.4719043125461724	0.4999999999999999	0.0007893676535031607
0.6	0.49999999999999994	0.5990073454090467	0.5968516876117276	4.646860539142536e-06
0.6	0.5499999999999999	0.7229616329552848	0.6955163375329702	0.0007532442408181262
0.6	0.6	0.8211240222165809	0.7901392233005914	0.0009600577638643032
0.6	0.65	0.8857000442717954	0.8742031129791079	0.00013217942914877645
0.6	0.7000000000000001	0.922677634962897	0.9410782313138534	0.00033858194607082874
0.6	0.7500000000000001	0.9413127546463959	0.9846556173001637	0.0018786037430233843
0.6	0.8000000000000002	0.948006489233588	1	0.0027033251618170016
0.6	0.8500000000000002	0.9452449182702165	0.9839518074085402	0.0014982232667664775
0.6	0.9000000000000002	0.9318631433462086	0.9356088857982824	1.4030586517267987e-05
0.6	0.9500000000000003	0.9030979046673292	0.8566271147417259	0.0021595343163095504
0.65	0	0.1633370369256501	0.20610737385376338	0.0018293017209443298
0.65	0.05	0.18310952795816313	0.21100913296917395	0.0007783879597704203
0.65	0.1	0.2062759935849681	0.225875541421234	0.00038414227538607584
0.65	0.15000000000000002	0.23427450044293557	0.25113412547341496	0.000284246956168367
0.65	0.2	0.26939732952901807	0.28731938018852177	0.0003211998998418169
0.65	0.25	0.3147988004588319	0.3348333143834116	0.00040138174819417656
0.65	0.3	0.37417782327086574	0.39366198368239164	0.00037963250694207304
0.65	0.35	0.4506017541303819	0.46309209228169956	0.0001560085471342617
0.65	0.39999999999999997	0.543877502088526	0.5414743325101898	5.775224022240565e-06
0.65	0.44999999999999996	0.6471854917513296	0.6260768135342005	0.00044557629607429756
0.65	0.49999999999999994	0.7467975818207535	0.7130629528589693	0.0011380251911892528
0.65	0.5499999999999999	0.828495616939163	0.797614471076546	0.0009536451697882221
0.65	0.6	0.8857730421869143	0.8742031129791079	0.00013386326187365204
0.65	0.65	0.920886937837294	0.9369963005571693	0.0002595115672405077
0.65	0.7000000000000001	0.939675131769466	0.9803642002398205	0.0016556002929851944
0.65	0.7500000000000001	0.9469379976892092	0.9994407358533955	0.002756537514737113
0.65	0.8000000000000002	0.9446271534567494	0.990680731473239	0.0021209320481208917
0.65	0.8500000000000002	0.9313162615521624	0.9523510022538991	0.0004424603163892994
0.65	0.9000000000000002	0.9018102878322264	0.8848955883105536	0.0002861070599084778
0.65	0.9500000000000003	0.8480049312239186	0.7911244937565414	0.003235384166480214
0.7000000000000001	0	0.2714663350967215	0.3454915028125262	0.0054797254553530135
0.7000000000000001	0.05	0.3083334479553801	0.35082971834162835	0.0018059329967411207
0.7000000000000001	0.1	0.34813727939433164	0.36687232897929223	0.0003510020829509317
0.7000000000000001	0.15000000000000002	0.39223809723435005	0.39366198368239164	2.027452616916493e-06
0.7000000000000001	0.2	0.4424529158602418	0.43113904825983473	0.0001280036000795413
0.7000000000000001	0.25	0.5005435969045479	0.478968334938394	0.00046549192890816426
0.7000000000000001	0.3	0.5673214584329692	0.5363391262827595	0.0009599049054659197
0.7000000000000001	0.35	0.6413931686704409	0.6017744410582022	0.0015696435776127672
0.7000000000000001	0.39999999999999997	0.7181452326439327	0.6729871249042186	0.002039254694631624
0.7000000000000001	0.44999999999999996	0.7902625216635666	0.7468169283749115	0.0018875195762032286
0.7000000000000001	0.49999999999999994	0.8505027662075081	0.8192745176706611	0.0009752035066790883
0.7000000000000001	0.5499999999999999	0.8949922786422801	0.8857061864730282	8.623150777584171e-05
0.7000000000000001	0.6	0.9241211578295964	0.9410782313138534	0.00028754234115049225
0.7000000000000001	0.65	0.9406699184311853	0.9803642002398205	0.0015756360083033483
0.7000000000000001	0.7000000000000001	0.9473123802048224	0.9990033760944318	0.0026719590560596103
0.7000000000000001	0.7500000000000001	0.9449388466346198	0.9933867255788623	0.0023471969741959775
0.7000000000000001	0.8000000000000002	0.9315726958311784	0.9613187050048555	0.0008848250617604816
0.7000000000000001	0.8500000000000002	0.9014557249776497	0.9024009091944047	8.933732036028501e-07
0.7000000000000001	0.9000000000000002	0.8457029944781973	0.8182871605660896	0.0007516279490962729
0.7000000000000001	0.9500000000000003	0.7583406895931564	0.7127691913330725	0.002076761453668829
0.7500000000000001	0	0.43445332982235785	0.5000000000000003	0.0042963659713766466
0.7500000000000001	0.05	0.48494393240789446	0.5052300875044462	0.0004115280886013521
0.7500000000000001	0.1	0.5347060530733225	0.5208456415494757	0.00019211100761038716
0.7500000000000001	0.15000000000000002	0.5846367662339678	0.5465941438646966	0.0014472411167309688
0.7500000000000001	0.2	0.6356010509827329	0.5819655414076962	0.0028767678873738546
0.7500000000000001	0.25	0.6879034019548513	0.626076813534201	0.0038225270357364976
0.7500000000000001	0.3	0.740809016975831	0.6775445041056525	0.004002398588700985
0.7500000000000001	0.35	0.7923190740886591	0.7343736860597488	0.003357667993820975
0.7500000000000001	0.39999999999999997	0.8394885626553635	0.7938926261462369	0.002078989426144307
0.7500000000000001	0.44999999999999996	0.8793655454761875	0.8527589668031212	0.0007079100286860644
0.7500000000000001	0.49999999999999994	0.9100929642460156	0.9070558070918089	9.224323579349035e-06
0.7500000000000001	0.5499999999999999	0.9313947942529687	0.9524854136691379	0.0004448142273576927
0.7500000000000001	0.6	0.9441033968017433	0.9846556173001637	0.0016444825873525113
0.7500000000000001	0.65	0.949096423094964	0.9994407358533955	0.002534549827118773
0.7500000000000001	0.7000000000000001	0.946116385903268	0.9933867255788623	0.0022344850130460695
0.7500000000000001	0.7500000000000001	0.932507611749784	0.9641207588229159	0.0009993910678674678
0.7500000000000001	0.8000000000000002	0.9018911396607314	0.9107198818754664	7.794668909424304e-05
0.7500000000000001	0.8500000000000002	0.8445355169309628	0.8339927484498288	0.00011114996724679255
0.7500000000000001	0.9000000000000002	0.7539640974974968	0.7366330624131383	0.00030036477709526575
0.7500000000000001	0.9500000000000003	0.6384372506828395	0.6232131243969287	0.00023177402116936186
0.8000000000000002	0	0.6137402004452711	0.6545084971874741	0.0016620540192603154
0.8000000000000002	0.05	0.6630132877532001	0.6591649285653159	1.4809868438972556e-05
0.8000000000000002	0.1	0.7073821640998195	0.6729871249042191	0.0011830187212668868
0.8000000000000002	0.15000000000000002	0.7480048830931522	0.6955163375329702	0.0027550474150233027
0.8000000000000002	0.2	0.7857368157550992	0.7259340688769872	0.00357636853416754
0.8000000000000002	0.25	0.8209226508820011	0.7629955162100087	0.0033555529313071437
0.8000000000000002	0.3	0.8533338814543769	0.8049628779820837	0.0023397539769166088
0.8000000000000002	0.35	0.882276178836785	0.8495602588844986	0.0010703314183244112
0.8000000000000002	0.39999999999999997	0.9068647010500525	0.8939720036079446	0.00016622164733373453
0.8000000000000002	0.44999999999999996	0.9263682132371981	0.9349028804728138	7.284054482269195e-05
0.8000000000000002	0.49999999999999994	0.9404288570887875	0.9687118945088519	0.000799930205704759
0.8000000000000002	0.5499999999999999	0.9489836756371777	0.9916223339751564	0.001818055184862885
0.8000000000000002	0.6	0.9518351246647198	1	0.002319855216063087
0.8000000000000002	0.65	0.9478722385440818	0.990680731473239	0.0018325670668657044
0.8000000000000002	0.7000000000000001	0.9338523663059055	0.9613187050048555	0.0007543997615254378
0.8000000000000002	0.7500000000000001	0.9028503673639661	0.9107198818754664	6.192925864671393e-05
0.8000000000000002	0.8000000000000002	0.8443424703507875	0.8391214812183856	2.72587275206585e-05
0.8000000000000002	0.8500000000000002	0.7511892172854685	0.7483792054239882	7.896166661660164e-06
0.8000000000000002	0.9000000000000002	0.6324322637734109	0.6420293866674407	9.210476784311109e-05
0.8000000000000002	0.9500000000000003	0.5121804450532708	0.5252030001704734	0.00016958694178058033
0.8500000000000002	0	0.7573392462335417	0.7938926261462369	0.0013361495830418325
0.8500000000000002	0.05	0.7942827844696958	0.7976144710765468	1.1100135646270424e-05
0.8500000000000002	0.1	0.825431786618581	0.8085891453234229	0.0002836745657973653
0.8500000000000002	0.15000000000000002	0.852188106047927	0.826235580866095	0.000673533563313624
0.8500000000000002	0.2	0.8755068873675276	0.8495602588844989	0.0006732275296363133
0.8500000000000002	0.25	0.8959206684138673	0.8771303465882667	0.00035307619430964175
0.8500000000000002	0.3	0.9136093658898586	0.9070558070918091	4.29491329194924e-05
0.8500000000000002	0.35	0.9285036583732763	0.9369963005571695	7.212497126364274e-05
0.8500000000000002	0.39999999999999997	0.9404006138163593	0.9642082162021555	0.0005668019313601669
0.8500000000000002	0.44999999999999996	0.9490428539381475	0.9856438774016721	0.0013396349185774837
0.8500000000000002	0.49999999999999994	0.9540860241228036	0.9981091141720384	0.0019380324574830333
0.8500000000000002	0.5499999999999999	0.9548602533285436	0.998477628027683	0.0019024753756451257
0.8500000000000002	0.6	0.949790188071834	0.9839518074085402	0.0011670162357060147
0.8500000000000002	0.65	0.9352669951239732	0.9523510022538991	0.0002918632996153614
0.8500000000000002	0.7000000000000001	0.9040119724553878	0.9024009091944047	2.595524830889296e-06
0.8500000000000002	0.7500000000000001	0.8449106601022625	0.8339927484498288	0.00011920079485034559
0.8500000000000002	0.8000000000000002	0.7500935735540062	0.7483792054239882	2.939058085221476e-06
0.8500000000000002	0.8500000000000002	0.6288459951503835	0.648276203938916	0.00037753301356596643
0.8500000000000002	0.9000000000000002	0.50670923461893	0.5378455951786403	0.0009694729489042801
0.8500000000000002	0.9500000000000003	0.40426023649673115	0.42254345130309723	0.00033427594365572375
0.9000000000000002	0	0.8494277290630242	0.9045084971874742	0.003033891017179422
0.9000000000000002	0.05	0.8736260246769036	0.9070558070918091	0.0011175503523079226
0.9000000000000002	0.1	0.8932640805427641	0.9144888457136824	0.0004504906565606271
0.9000000000000002	0.15000000000000002	0.909491408438993	0.9261794764290883	0.00027849161324204196
0.9000000000000002	0.2	0.9230557377899983	0.9410782313138537	0.000324810272817411
0.9000000000000002	0.25	0.9343917508572919	0.9577181038610141	0.0005441187444542602
0.9000000000000002	0.3	0.9436929679721732	0.9742337377997188	0.0009327386216591204
0.9000000000000002	0.35	0.9509636405836868	0.9884067595797037	0.0014019871601498842
0.9000000000000002	0.39999999999999997	0.9560364424286201	0.9977470850271051	0.0017397777059785517
0.9000000000000002	0.44999999999999996	0.9585183646173068	0.9996169084175982	0.0016890903025044734
0.9000000000000002	0.49999999999999994	0.9575863156690682	0.9913990167661935	0.001143298755483539
0.9000000000000002	0.5499999999999999	0.9514793248650747	0.9707046238382044	0.00036961212060622364
0.9000000000000002	0.6	0.936440361903321	0.9356088857982824	6.91352513250231e-07
0.9000000000000002	0.65	0.905078245617933	0.8848955883105536	0.00040733965598711705
0.9000000000000002	0.7000000000000001	0.8460078404520932	0.8182871605660896	0.0007684360933422832
0.9000000000000002	0.7500000000000001	0.7507045915385937	0.7366330624131383	0.00019800793192853948
0.9000000000000002	0.8000000000000002	0.6280597341440696	0.6420293866674407	0.0001951511916237292
0.9000000000000002	0.8500000000000002	0.5043497390550468	0.5378455951786403	0.0011219723774524772
0.9000000000000002	0.9000000000000002	0.4009973866770783	0.42864066884007956	0.0007641510487433042
0.9000000000000002	0.9500000000000003	0.3230276749771678	0.31996020645509193	9.409363133926167e-06
0.9500000000000003	0	0.9026782385476176	0.975528258147577	0.005307125355714469
0.9500000000000003	0.05	0.9179236937761321	0.9767885075305438	0.003465066298341572
0.9500000000000003	0.1	0.9300253032747511	0.9803642002398205	0.002534004547659877
0.9500000000000003	0.15000000000000002	0.9397467419540927	0.9856438774016723	0.0021065470422934646
0.9500000000000003	0.2	0.9475614631080103	0.9916223339751564	0.0019413603415713294
0.9500000000000003	0.25	0.9537215515072047	0.9969265065104369	0.0018666681368313175
0.9500000000000003	0.3	0.9582922466859135	0.9998606922374831	0.0017279356655738045
0.9500000000000003	0.35	0.9611464706028013	0.9984776280276829	0.001393615314681291
0.9500000000000003	0.39999999999999997	0.9618933456844208	0.9906807314732389	0.0008287135805542475
0.9500000000000003	0.44999999999999996	0.959674146310169	0.9743599146660948	0.0002156717922039125
0.9500000000000003	0.49999999999999994	0.9526815763037765	0.9475590758110966	2.6240011297506092e-05
0.9500000000000003	0.5499999999999999	0.9371594195420739	0.9086681475945121	0.0008117525771899247
0.9500000000000003	0.6	0.9058237730599487	0.8566271147417259	0.0024203111896799537
0.9500000000000003	0.65	0.8473851718278337	0.7911244937565414	0.003165263897041592
0.9500000000000003	0.7000000000000001	0.75288998812971	0.7127691913330725	0.0016096783355970773
0.9500000000000003	0.7500000000000001	0.6302442352129807	0.6232131243969287	4.943651930760357e-05
0.9500000000000003	0.8000000000000002	0.5055398387683987	0.5252030001704734	0.00038663991632403996
0.9500000000000003	0.8500000000000002	0.40099494131443086	0.42254345130309723	0.0004643382827316541
0.9500000000000003	0.9000000000000002	0.3221417110655308	0.31996020645509193	4.758962365366033e-06
0.9500000000000003	0.9500000000000003	0.2645289873785449	0.22286071870589513	0.001736244614176127
